enrollment_number,first_name,last_name,email,phone,date_of_birth,parent_name,parent_phone,gender,status,username,password,teacher_name,teacher_employee_id,class_name,class_code,school_name,school_class
BATCH-00302,Salohiddin,Haydarov,,+998910387679,,,,,Active,salohiddin,012345678,Mirzayev Mirzabek,AUTO-MIRZAYEV-MIRZABEK,Koreys tili Afternoon,AUTO-MIRZAYEV-MIRZABEK-KOREYS-TILI-AFTERNOON,kallej,1
BATCH-00303,Jamshid,G'afforov,,+998901934800,,,,,Active,jamshid,012345678,Mirzayev Mirzabek,AUTO-MIRZAYEV-MIRZABEK,Koreys tili Afternoon,AUTO-MIRZAYEV-MIRZABEK-KOREYS-TILI-AFTERNOON,bitirgan,
BATCH-00304,Ozoda,Suvonova,,+998970790804,,,,,Active,ozoda,012345678,Mirzayev Mirzabek,AUTO-MIRZAYEV-MIRZABEK,Koreys tili Afternoon,AUTO-MIRZAYEV-MIRZABEK-KOREYS-TILI-AFTERNOON,78,11
BATCH-00305,Daler,Mannonov,,+998956717150,,,,,Active,daler,012345678,Mirzayev Mirzabek,AUTO-MIRZAYEV-MIRZABEK,Koreys tili Afternoon,AUTO-MIRZAYEV-MIRZABEK-KOREYS-TILI-AFTERNOON,128,9
BATCH-00306,Dilnura,Adasheva,,+998917054304,,,,,Active,dilnura7,012345678,Mirzayev Mirzabek,AUTO-MIRZAYEV-MIRZABEK,Koreys tili Afternoon,AUTO-MIRZAYEV-MIRZABEK-KOREYS-TILI-AFTERNOON,,
BATCH-00307,Og'abek,Amrillayev,,+998889290802,,,,,Active,ogabek2,012345678,Mirzayev Mirzabek,AUTO-MIRZAYEV-MIRZABEK,Koreys tili Afternoon,AUTO-MIRZAYEV-MIRZABEK-KOREYS-TILI-AFTERNOON,136,6
BATCH-00308,Abdulbosid,Juraqulov,,+998956681213,,,,,Active,abdulbosid,012345678,Mirzayev Mirzabek,AUTO-MIRZAYEV-MIRZABEK,Koreys tili Afternoon,AUTO-MIRZAYEV-MIRZABEK-KOREYS-TILI-AFTERNOON,samdu,10
BATCH-00309,Ziyoviddin,Juraqulov,,+998932572009,,,,,Active,ziyoviddin,012345678,Mirzayev Mirzabek,AUTO-MIRZAYEV-MIRZABEK,Koreys tili Afternoon,AUTO-MIRZAYEV-MIRZABEK-KOREYS-TILI-AFTERNOON,kallej,1
BATCH-00310,Amin,Abdurahmonov,,+998979335300,,,,,Active,amin,012345678,Mirzayev Mirzabek,AUTO-MIRZAYEV-MIRZABEK,Koreys tili Afternoon,AUTO-MIRZAYEV-MIRZABEK-KOREYS-TILI-AFTERNOON,litse,10
